,Keyword,Frequency
0,tensor,151
1,rank,82
2,approximation,63
3,equation,60
4,tt,59
5,low,49
6,dimensional,47
7,matrix,46
8,train,44
9,high,43
10,numerical,36
11,decomposition,31
12,system,29
13,time,28
14,dimension,25
15,data,25
16,order,25
17,representation,24
18,linear,24
19,cross,23
20,function,22
21,method,22
22,set,20
23,grid,19
24,stochastic,19
25,computation,17
26,hierarchical,17
27,polynomial,17
28,problem,17
29,model,17
30,scheme,16
31,complexity,16
32,error,16
33,space,16
34,random,15
35,application,15
36,product,15
37,differential,15
38,accuracy,15
39,large,14
40,approximate,13
41,element,13
42,one,13
43,integral,13
44,state,13
45,propose,13
46,case,13
47,nonlinear,13
48,tucker,13
49,volume,12
50,example,12
51,block,12
52,computational,12
53,efficient,12
54,pdes,12
55,interpolation,11
56,form,11
57,structure,11
58,result,11
59,solving,11
60,solve,11
61,variable,11
62,solver,11
63,fast,10
64,maximum,10
65,entry,10
66,experiment,10
67,size,10
68,algorithm,10
69,discretized,10
70,fourier,10
71,qtt,10
72,pce,10
73,parameter,9
74,riemannian,9
75,optimization,9
76,quantic,9
77,structured,9
78,degree,9
79,optimal,9
80,higher,9
81,dimensionality,9
82,range,9
83,potential,9
84,adaptive,8
85,operator,8
86,sparse,8
87,performance,8
88,bound,8
89,vector,8
90,field,8
91,technique,8
92,alternating,8
93,particular,8
94,compression,8
95,al,8
96,parametric,8
97,cur,8
98,array,7
99,iterative,7
100,submatrices,7
101,boundary,7
102,smooth,7
103,control,7
104,multidimensional,7
105,basic,7
106,transform,7
107,curse,7
108,compare,7
109,dynamic,7
110,galerkin,7
111,poisson,7
112,expansion,7
113,diffusion,7
114,vlasov,7
115,quantum,6
116,algebraic,6
117,require,6
118,skeleton,6
119,formulation,6
120,approximated,6
121,type,6
122,construct,6
123,minimization,6
124,solved,6
125,newton,6
126,efficiency,6
127,including,6
128,art,6
129,factorization,6
130,gp,6
131,discrete,6
132,give,6
133,implementation,6
134,integration,6
135,study,6
136,apply,6
137,storage,6
138,iteration,6
139,possible,6
140,theory,6
141,energy,6
142,singular,6
143,term,6
144,general,6
145,operation,6
146,coefficient,6
147,series,6
148,accurate,6
149,partial,6
150,simulation,6
151,chaos,6
152,dependent,6
153,subspace,6
154,cvar,6
155,small,5
156,special,5
157,electrostatic,5
158,sum,5
159,kernel,5
160,article,5
161,position,5
162,evaluation,5
163,requires,5
164,good,5
165,machine,5
166,domain,5
167,analysis,5
168,procedure,5
169,algebra,5
170,network,5
171,logn,5
172,novel,5
173,compressed,5
174,prove,5
175,analytic,5
176,log,5
177,lead,5
178,traditional,5
179,finite,5
180,efficiently,5
181,reduction,5
182,framework,5
183,phase,5
184,independent,5
185,chain,5
186,coupled,5
187,condition,5
188,memory,5
189,semi,5
190,pbe,5
191,due,5
192,total,5
193,manifold,5
194,formula,5
195,way,5
196,provide,5
197,column,5
198,rectangular,5
199,point,5
200,multiple,5
201,discretization,5
202,covariance,5
203,dynamical,5
204,reduced,5
205,risk,5
206,four,5
207,six,5
208,advection,5
209,multi,4
210,principle,4
211,selection,4
212,nested,4
213,advantage,4
214,region,4
215,fiber,4
216,computed,4
217,hessian,4
218,submatrix,4
219,scale,4
220,exponential,4
221,interaction,4
222,process,4
223,format,4
224,index,4
225,chebyshev,4
226,tool,4
227,fft,4
228,asymptotically,4
229,non,4
230,combined,4
231,preserve,4
232,molecular,4
233,schrodinger,4
234,excitons,4
235,phonons,4
236,directly,4
237,convergence,4
238,make,4
239,corresponding,4
240,boltzmann,4
241,obtained,4
242,canonical,4
243,computing,4
244,finding,4
245,task,4
246,row,4
247,square,4
248,norm,4
249,post,4
250,processing,4
251,level,4
252,mean,4
253,original,4
254,lower,4
255,hybrid,4
256,test,4
257,computer,4
258,elliptic,4
259,pde,4
260,provides,4
261,freedom,4
262,first,4
263,monte,4
264,carlo,4
265,kriging,4
266,navier,4
267,stokes,4
268,flow,4
269,krylov,4
270,requirement,4
271,resulting,4
272,gmres,4
273,lagrangian,4
274,velocity,4
275,cta,4
276,deim,4
277,recently,3
278,us,3
279,source,3
280,available,3
281,mosaic,3
282,simple,3
283,might,3
284,like,3
285,pseudoskeleton,3
286,determinant,3
287,solution,3
288,recommender,3
289,exponentially,3
290,gaussian,3
291,inducing,3
292,input,3
293,inference,3
294,variational,3
295,achieve,3
296,benchmark,3
297,neural,3
298,complex,3
299,density,3
300,introduced,3
301,methodology,3
302,investigated,3
303,quasi,3
304,frenkel,3
305,reduce,3
306,consumption,3
307,compute,3
308,treatment,3
309,self,3
310,allow,3
311,implicit,3
312,significant,3
313,dirac,3
314,distribution,3
315,similar,3
316,long,3
317,benefit,3
318,automatic,3
319,illustrate,3
320,scientific,3
321,often,3
322,fixed,3
323,computes,3
324,exploit,3
325,linearly,3
326,estimate,3
327,spectral,3
328,real,3
329,consider,3
330,probability,3
331,variance,3
332,sense,3
333,performed,3
334,developed,3
335,needed,3
336,sqrt,3
337,symbolic,3
338,numeric,3
339,class,3
340,bilinear,3
341,geddes,3
342,yield,3
343,achieved,3
344,reduces,3
345,combination,3
346,standard,3
347,master,3
348,direct,3
349,within,3
350,second,3
351,uncertainty,3
352,spatial,3
353,guaranteed,3
354,fully,3
355,constrained,3
356,inflow,3
357,optimality,3
358,favorable,3
359,compared,3
360,projection,3
361,preconditioner,3
362,averse,3
363,nonlocal,3
364,completion,3
365,visual,3
366,extensive,3
367,generalization,3
368,multilinear,3
369,rounding,3
370,factor,3
371,splitting,3
372,kinetic,3
373,dmrg,2
374,chemistry,2
375,modified,2
376,selected,2
377,previously,2
378,obtaining,2
379,established,2
380,surface,2
381,advance,2
382,effectiveness,2
383,open,2
384,online,2
385,short,2
386,separable,2
387,functional,2
388,effect,2
389,nonsingular,2
390,black,2
391,box,2
392,assembled,2
393,sufficiently,2
394,behavior,2
395,maximization,2
396,modeling,2
397,feature,2
398,learning,2
399,every,2
