Keyword,Importance
tensor,0.498
rank,0.271
approximation,0.208
equation,0.198
tt,0.195
low,0.162
dimensional,0.155
matrix,0.152
train,0.145
high,0.142
tensor train,0.139
low rank,0.139
numerical,0.119
decomposition,0.102
system,0.096
time,0.092
order,0.082
dimension,0.082
data,0.082
representation,0.079
linear,0.079
high dimensional,0.076
cross,0.076
function,0.073
set,0.066
stochastic,0.063
grid,0.063
polynomial,0.056
model,0.056
hierarchical,0.056
computation,0.056
tensor approximation,0.053
space,0.053
scheme,0.053
error,0.053
complexity,0.053
random,0.049
product,0.049
differential,0.049
application,0.049
accuracy,0.049
train tt,0.046
tensor train tt,0.046
large,0.046
tucker,0.043
state,0.043
propose,0.043
one,0.043
nonlinear,0.043
integral,0.043
element,0.043
case,0.043
approximate,0.043
volume,0.04
pdes,0.04
efficient,0.04
computational,0.04
block,0.04
variable,0.036
structure,0.036
solving,0.036
solver,0.036
solve,0.036
rank tensor,0.036
interpolation,0.036
form,0.036
differential equation,0.036
tt rank,0.033
size,0.033
qtt,0.033
pce,0.033
order tensor,0.033
maximum,0.033
low rank tensor,0.033
fourier,0.033
fast,0.033
experiment,0.033
entry,0.033
discretized,0.033
tensor product,0.03
structured,0.03
riemannian,0.03
rank approximation,0.03
range,0.03
quantic,0.03
potential,0.03
parameter,0.03
optimization,0.03
optimal,0.03
higher,0.03
dimensionality,0.03
degree,0.03
vector,0.026
technique,0.026
sparse,0.026
rank matrix,0.026
performance,0.026
particular,0.026
parametric,0.026
operator,0.026
numerical experiment,0.026
low rank approximation,0.026
linear system,0.026
field,0.026
cur,0.026
compression,0.026
bound,0.026
alternating,0.026
al,0.026
adaptive,0.026
vlasov,0.023
tt representation,0.023
tt cross,0.023
transform,0.023
tensor decomposition,0.023
submatrices,0.023
smooth,0.023
random field,0.023
poisson,0.023
multidimensional,0.023
iterative,0.023
hierarchical tucker,0.023
galerkin,0.023
fourier transform,0.023
expansion,0.023
dynamic,0.023
diffusion,0.023
curse dimensionality,0.023
curse,0.023
control,0.023
compare,0.023
boundary,0.023
basic,0.023
array,0.023
type,0.02
tt decomposition,0.02
tt approximation,0.02
time dependent,0.02
theory,0.02
term,0.02
subspace,0.02
study,0.02
storage,0.02
state art,0.02
solved,0.02
skeleton,0.02
singular,0.02
simulation,0.02
series,0.02
require,0.02
quantum,0.02
quantic tensor,0.02
possible,0.02
polynomial chaos,0.02
partial,0.02
operation,0.02
newton,0.02
minimization,0.02
iteration,0.02
integration,0.02
including,0.02
implementation,0.02
high order,0.02
gp,0.02
give,0.02
general,0.02
formulation,0.02
factorization,0.02
energy,0.02
efficiency,0.02
discrete,0.02
dependent,0.02
cvar,0.02
cross approximation,0.02
construct,0.02
coefficient,0.02
chaos,0.02
art,0.02
approximated,0.02
apply,0.02
algebraic,0.02
accurate,0.02
way,0.016
traditional,0.016
total,0.016
tensor numerical,0.016
sum,0.016
stochastic galerkin,0.016
special,0.016
space time,0.016
small,0.016
six,0.016
semi,0.016
risk,0.016
requires,0.016
reduction,0.016
reduced,0.016
rectangular,0.016
rank minimization,0.016
provide,0.016
prove,0.016
procedure,0.016
position,0.016
poisson equation,0.016
point,0.016
phase,0.016
pbe,0.016
partial differential equation,0.016
partial differential,0.016
novel,0.016
network,0.016
multiple,0.016
memory,0.016
maximum volume,0.016
manifold,0.016
machine,0.016
logn,0.016
log,0.016
lead,0.016
kernel,0.016
independent,0.016
good,0.016
framework,0.016
four,0.016
formula,0.016
finite,0.016
evaluation,0.016
electrostatic,0.016
efficiently,0.016
dynamical,0.016
due,0.016
domain,0.016
discretization,0.016
covariance,0.016
coupled,0.016
condition,0.016
compressed,0.016
column,0.016
chain,0.016
article,0.016
approximation error,0.016
analytic,0.016
analysis,0.016
algebra,0.016
advection equation,0.016
advection,0.016
vlasov poisson equation,0.013
vlasov poisson,0.013
velocity,0.013
tt rank minimization,0.013
train tt decomposition,0.013
train decomposition,0.013
tool,0.013
test,0.013
tensor train decomposition,0.013
tensor representation,0.013
tensor high,0.013
task,0.013
submatrix,0.013
stokes,0.013
square,0.013
singular decomposition,0.013
semi lagrangian,0.013
selection,0.013
schrodinger equation,0.013
schrodinger,0.013
scale,0.013
row,0.013
riemannian optimization,0.013
resulting,0.013
requirement,0.013
region,0.013
rank tensor approximation,0.013
provides,0.013
processing,0.013
process,0.013
principle,0.013
preserve,0.013
post processing,0.013
post,0.013
polynomial chaos expansion,0.013
phonons,0.013
phase space,0.013
pde,0.013
parametric pdes,0.013
original,0.013
one dimensional,0.013
obtained,0.013
norm,0.013
non,0.013
nested,0.013
navier stokes,0.013
navier,0.013
multi,0.013
monte carlo,0.013
monte,0.013
molecular,0.013
mean,0.013
matrix tensor,0.013
lower,0.013
